<?xml version="1.0"?>
<!DOCTYPE hibernate-mapping PUBLIC "-//Hibernate/Hibernate Mapping DTD 3.0//EN"
"http://www.hibernate.org/dtd/hibernate-mapping-3.0.dtd">
<!-- Generated 07-jun-2023 13:29:45 by Hibernate Tools 4.3.1 -->
<hibernate-mapping>
    <class name="model.Ejemplar" table="EJEMPLAR" schema="RECU23" optimistic-lock="version">
        <id name="codEjemplar" type="int">
            <column name="COD_EJEMPLAR" />
            <generator class="assigned" />
        </id>
        <property name="fechaCompra" type="date">
            <column name="FECHA_COMPRA" length="10" />
        </property>
        <property name="precio" type="big_decimal">
            <column name="PRECIO" precision="5" />
        </property>
        <property name="idLibro" type="int">
            <column name="ID_LIBRO" not-null="true" />
        </property>
    </class>
</hibernate-mapping>
