<?xml version="1.0"?>
<!DOCTYPE hibernate-mapping PUBLIC "-//Hibernate/Hibernate Mapping DTD 3.0//EN"
"http://www.hibernate.org/dtd/hibernate-mapping-3.0.dtd">
<!-- Generated 07-jun-2023 13:29:45 by Hibernate Tools 4.3.1 -->
<hibernate-mapping>
    <class name="model.Libro" table="LIBRO" schema="RECU23" optimistic-lock="version">
        <id name="codLibro" type="int">
            <column name="COD_LIBRO" />
            <generator class="assigned" />
        </id>
        <property name="isbn" type="string">
            <column name="ISBN" length="20" not-null="true" />
        </property>
        <property name="titulo" type="string">
            <column name="TITULO" length="20" />
        </property>
    </class>
</hibernate-mapping>
