<?xml version="1.0"?>
<!DOCTYPE hibernate-mapping PUBLIC "-//Hibernate/Hibernate Mapping DTD 3.0//EN"
"http://www.hibernate.org/dtd/hibernate-mapping-3.0.dtd">
<!-- Generated 07-jun-2023 13:29:45 by Hibernate Tools 4.3.1 -->
<hibernate-mapping>
    <class name="model.Prestamo" table="PRESTAMO" schema="RECU23" optimistic-lock="version">
        <id name="codPrestamo" type="int">
            <column name="COD_PRESTAMO" />
            <generator class="assigned" />
        </id>
        <property name="fecha" type="date">
            <column name="FECHA" length="10" />
        </property>
        <property name="contadorLibros" type="java.lang.Integer">
            <column name="CONTADOR_LIBROS" />
        </property>
        <property name="codSoc" type="int">
            <column name="COD_SOC" not-null="true" />
        </property>
    </class>
</hibernate-mapping>
