<?xml version="1.0"?>
<!DOCTYPE hibernate-mapping PUBLIC "-//Hibernate/Hibernate Mapping DTD 3.0//EN"
"http://www.hibernate.org/dtd/hibernate-mapping-3.0.dtd">
<!-- Generated 07-jun-2023 13:29:45 by Hibernate Tools 4.3.1 -->
<hibernate-mapping>
    <class name="model.PrestamoLibro" table="PRESTAMO_LIBRO" schema="RECU23" optimistic-lock="version">
        <composite-id name="id" class="model.PrestamoLibroId">
            <key-property name="codPre" type="int">
                <column name="COD_PRE" />
            </key-property>
            <key-property name="codEje" type="int">
                <column name="COD_EJE" />
            </key-property>
        </composite-id>
        <property name="fechaSalida" type="date">
            <column name="FECHA_SALIDA" length="10" />
        </property>
        <property name="fechaDev" type="date">
            <column name="FECHA_DEV" length="10" />
        </property>
    </class>
</hibernate-mapping>
