<?xml version="1.0"?>
<!DOCTYPE hibernate-mapping PUBLIC "-//Hibernate/Hibernate Mapping DTD 3.0//EN"
"http://www.hibernate.org/dtd/hibernate-mapping-3.0.dtd">
<!-- Generated 07-jun-2023 13:29:45 by Hibernate Tools 4.3.1 -->
<hibernate-mapping>
    <class name="model.Socio" table="SOCIO" schema="RECU23" optimistic-lock="version">
        <id name="codSocio" type="int">
            <column name="COD_SOCIO" />
            <generator class="assigned" />
        </id>
        <property name="nombre" type="string">
            <column name="NOMBRE" length="30" />
        </property>
        <property name="nif" type="string">
            <column name="NIF" length="9" />
        </property>
        <property name="foto" type="string">
            <column name="FOTO" length="20" />
        </property>
        <property name="fecha" type="date">
            <column name="FECHA" length="10" />
        </property>
        <property name="usuario" type="string">
            <column name="USUARIO" length="20" />
        </property>
        <property name="password" type="string">
            <column name="PASSWORD" length="30" />
        </property>
    </class>
</hibernate-mapping>
